<application>
  <component name="DiscordApplicationSettings">
    <option name="show" value="true" />
    <option name="idle" value="IDLE" />
    <option name="applicationTime" value="APPLICATION" />
    <option name="projectTime" value="APPLICATION" />
    <option name="fileTime" value="APPLICATION" />
    <option name="filePrefixEnabled" value="true" />
    <option name="fileHideVcsIgnored" value="false" />
    <option name="applicationType" value="IDE_EDITION" />
    <option name="theme" value="material" />
    <option name="applicationLastUpdateNotification" value="1.10.0" />
  </component>
</application>