<application>
  <component name="ProjectManager">
    <defaultProject>
      <component name="DiscordProjectSettings">
        <option name="show" value="ASK" />
        <option name="description" value="" />
      </component>
      <component name="ProjectViewState">
        <option name="hideEmptyMiddlePackages" value="true" />
        <option name="showLibraryContents" value="true" />
      </component>
      <component name="PropertiesComponent">
        <property name="settings.editor.selected.configurable" value="AndroidSdkUpdater" />
      </component>
    </defaultProject>
  </component>
</application>